index,name,sea,country,capacity,type,number_of_turbines,coordinates,status,commissioning,sources_remarks,turbine_capacity,latitude,longitude
1,El Abra *,gulf_of_biskaya,spain,10.0,Gamesa G80 (2.0 MW. 80.0 m),5.0,43° 27′ 54″ N. 2° 52′ 48″ W,production,2007,[1],2.0,43.465,-2.88
2,Rampion,english_channel,united_kingdom,400.0,Vestas V112-3.45 (3.45 MW. 112.0 m),116.0,50° 40′ 12″ N. 0° 16′ 37″ W,production,2018,[2],3.4,50.669999999999995,-0.27694444444444444
3,Banc de Guérande (Saint-Nazaire),gulf_of_biskaya,france,480.0,GE Haliade 150-6MW (6.0 MW. 150.0 m),80.0,47° 9′ 32″ N. 2° 36′ 22″ W,partial_production,2022,6. September 2022: alle Turbinen errichtet[3],6.0,47.15888888888889,-2.6061111111111113
4,Baie de Saint-Brieuc,english_channel,france,496.0,Siemens Gamesa SG 8.0-167 DD (8.0 MW. 167.0 m),62.0,48° 51′ 11″ N. 2° 32′ 10″ W,construction,2023,26. August 2022: 24 von 62 Gründungen installiert[4],8.0,48.85305555555556,-2.536111111111111
5,Hautes falaises (Fécamp),english_channel,france,497.0,Siemens SWT-7.0-154 (7.0 MW. 154.0 m),71.0,49° 53′ 31″ N. 0° 13′ 37″ O,construction,2023,4. Oktober 2022: alle 71 Gründungen installiert[5],7.0,49.89194444444444,0.22694444444444445
6,Calvados (Courseulles-Sur-Mer),english_channel,france,448.0,Siemens SWT-7.0-154 (7.0 MW. 154.0 m),64.0,49° 28′ 8″ N. 0° 31′ 19″ W,pre_construction,2024,22. Februar 2021: endgültige Investitionsentscheidung getroffen[6],7.0,49.46888888888889,-0.5219444444444445
7,Dieppe et Le Tréport,english_channel,france,496.0,Siemens Gamesa SG 8.0-167 DD (8.0 MW. 167.0 m),62.0,50° 8′ 56″ N. 1° 7′ 16″ O,planning,2025,10. Mai 2017: Baugenehmigung beantragt,8.0,50.14888888888889,1.1211111111111112
8,Iles d’Yeu et de Noirmoutier,gulf_of_biskaya,france,496.0,Siemens Gamesa SG 8.0-167 DD (8.0 MW. 167.0 m),62.0,46° 52′ 30″ N. 2° 30′ 50″ W,planning,2025,31. Oktober 2018: Baugenehmigung erteilt[7],8.0,46.875,-2.513888888888889
9,Dunkerque,english_channel,france,600.0,,46.0,51° 9′ 11″ N. 2° 23′ 49″ O,planning,2027,14. Juni 2019: EDF. innogy und Enbridge erhalten Zuschlag bei Ausschreibung[8],13.0,51.153055555555554,2.3969444444444443
11,Lely *,ijsselmeer,netherlands,2.0,Nedwind NW 40/500 (500 kW. 40.8 m),4.0,52° 47′ 49″ N. 5° 7′ 8″ O,decommissioned,1994,im September 2016 zurückgebaut[9],0.5,52.79694444444444,5.118888888888889
12,Irene Vorrink *,ijsselmeer,netherlands,16.8,Nordtank NTK 600 (600 kW. 43.0 m),28.0,52° 35′ 53″ N. 5° 35′ 20″ O,decommissioned,1996,im März 2022 zurückgebaut [10],0.6,52.59805555555556,5.588888888888889
13,Westermeerwind *,ijsselmeer,netherlands,144.0,Siemens SWT-3.0-108 (3.0 MW. 108.0 m),48.0,52° 44′ 20″ N. 5° 35′ 10″ O,production,2016,Kombinierter Onshore-/Nearshore-Windpark. 48 Nearshore- und 38 Onshore-Anlagen (Stand: Juli 2019)[11],3.0,52.73888888888889,5.586111111111111
14,Fryslân *,ijsselmeer,netherlands,382.7,Siemens Gamesa SWT-DD-130 (4.3 MW. 130.0 m),89.0,53° 0′ 11″ N. 5° 15′ 43″ O,production,2021,[12],4.3,53.003055555555555,5.2619444444444445
15,Windplanblauw *,ijsselmeer,netherlands,132.0,GE Cypress (5.5 MW. 158.0 m),24.0,52° 36′ 29″ N. 5° 34′ 23″ O,construction,2023,Kombinierter Onshore-/Nearshore-Windpark. 24 Nearshore- und 37 Onshore-Anlagen[13],5.5,52.60805555555556,5.573055555555555
17,Arklow Bank (Phase 1),irish_sea,ireland,25.2,GE 3.6sl Offshore (3.6 MW. 111.0 m),7.0,52° 47′ 20″ N. 5° 56′ 56″ W,production,2003,,3.6,52.788888888888884,-5.948888888888889
18,North Hoyle,irish_sea,united_kingdom,60.0,Vestas V80-2.0 (2.0 MW. 80.0 m),30.0,53° 23′ 27″ N. 3° 27′ 9″ W,production,2003,,2.0,53.39083333333333,-3.4525
19,Barrow,irish_sea,united_kingdom,90.0,Vestas V90-3.0 (3.0 MW. 90.0 m),30.0,53° 59′ 0″ N. 3° 17′ 0″ W,production,2006,,3.0,53.983333333333334,-3.283333333333333
20,Burbo Bank * (Phase 1),irish_sea,united_kingdom,90.0,Siemens SWT-3.6-107 (3.6 MW. 107.0 m),25.0,53° 29′ 17″ N. 3° 11′ 13″ W,production,2007,,3.6,53.488055555555555,-3.1869444444444444
21,Rhyl Flats,irish_sea,united_kingdom,90.0,Siemens SWT-3.6-107 (3.6 MW. 107.0 m),25.0,53° 23′ 16″ N. 3° 40′ 15″ W,production,2009,,3.6,53.38777777777778,-3.6708333333333334
22,Robin Rigg,irish_sea,united_kingdom,174.0,Vestas V90-3.0 (3.0 MW. 90.0 m),58.0,54° 45′ 0″ N. 3° 43′ 0″ W,production,2010,,3.0,54.75,-3.716666666666667
23,Ormonde,irish_sea,united_kingdom,152.4,REpower 5M (5.08 MW. 126.5 m),30.0,54° 6′ 0″ N. 3° 24′ 0″ W,production,2011,,5.1,54.1,-3.4
24,Walney (Phasen 1 und 2),irish_sea,united_kingdom,367.0,51 × Siemens SWT-3.6-107 (3.6 MW. 107.0 m)  51 × Siemens SWT-3.6-120 (3.6 MW. 120.0 m),102.0,54° 2′ 38″ N. 3° 31′ 19″ W,production,2011,,3.6,54.04388888888889,-3.5219444444444443
25,West of Duddon Sands,irish_sea,united_kingdom,389.0,Siemens SWT-3.6-120 (3.6 MW. 120.0 m),108.0,53° 59′ 2″ N. 3° 27′ 50″ W,production,2014,,3.6,53.98388888888889,-3.463888888888889
26,Gwynt y Môr,irish_sea,united_kingdom,576.0,Siemens SWT-3.6-107 (3.6 MW. 107.0 m),160.0,53° 27′ 0″ N. 3° 35′ 0″ W,production,2015,offizielle Inbetriebnahme im Juni 2015. erste Turbinen seit August 2013,3.6,53.45,-3.5833333333333335
27,Burbo Bank (Phase 2),irish_sea,united_kingdom,256.0,MHI Vestas V164-8.0 MW (8.0 MW. 164.0 m),32.0,53° 28′ 59″ N. 3° 16′ 23″ W,production,2017,[14],8.0,53.48305555555556,-3.2730555555555556
28,Walney (Phasen 3 und 4),irish_sea,united_kingdom,659.0,40 × MHI Vestas V164-8.0 MW (8.25 MW. 164.0 m)  47 × Siemens SWT-7.0-154 (7.0 MW. 154.0 m),87.0,54° 5′ 13″ N. 3° 44′ 13″ W,production,2018,[15],7.6,54.08694444444445,-3.7369444444444446
30,Blyth *,north_sea,united_kingdom,4.0,Vestas V66-2.0 (2.0 MW. 66.0 m),2.0,55° 8′ 10″ N. 1° 29′ 24″ W,decommissioned,2000,Im April 2019 zurückgebaut[16],2.0,55.13611111111111,-1.49
31,Rønland *,north_sea,denmark,17.0,4 × Vestas V80-2.0 (2.0 MW. 80.0 m) 4 × Bonus B82/2300 (2.3 MW. 82.0 m),8.0,56° 39′ 43″ N. 8° 13′ 12″ O,production,2003,,2.1,56.661944444444444,8.22
32,Scroby Sands *,north_sea,united_kingdom,60.0,Vestas V80-2.0 (2.0 MW. 80.0 m),30.0,52° 38′ 42″ N. 1° 47′ 13″ O,production,2004,,2.0,52.644999999999996,1.7869444444444442
33,Egmond aan Zee,north_sea,netherlands,108.0,Vestas V90-3.0 (3.0 MW. 90.0 m),36.0,52° 36′ 22″ N. 4° 25′ 8″ O,production,2006,,3.0,52.60611111111111,4.4188888888888895
34,Beatrice (Demonstrator),north_sea,united_kingdom,10.16,REpower 5M (5.08 MW. 126.5 m),2.0,58° 5′ 53″ N. 3° 4′ 41″ W,production,2007,,5.1,58.09805555555556,-3.0780555555555558
35,Lynn and Inner Dowsing *,north_sea,united_kingdom,194.0,Siemens SWT-3.6-107 (3.6 MW. 107.0 m),54.0,53° 8′ 10″ N. 0° 27′ 29″ O,production,2008,,3.6,53.13611111111111,0.45805555555555555
36,Prinses Amalia,north_sea,netherlands,120.0,Vestas V80-2.0 (2.0 MW. 80.0 m),60.0,52° 35′ 17″ N. 4° 13′ 23″ O,production,2008,,2.0,52.588055555555556,4.223055555555556
37,alpha ventus,north_sea,germany,60.48,6 × REpower 5M (5.08 MW. 126.5 m) 6 × AREVA Multibrid M5000-116 (5.0 MW. 116.0 m),12.0,54° 0′ 30″ N. 6° 35′ 54″ O,production,2010,,5.0,54.00833333333333,6.598333333333333
38,Belwind (Bligh Bank Phase 1),north_sea,belgium,171.0,55 × Vestas V90-3.0 (3.0 MW. 90.0 m) 1 × Alstom Haliade 150 (6.0 MW. 150.0 m),56.0,51° 40′ 12″ N. 2° 48′ 7″ O,production,2010,[17],3.1,51.669999999999995,2.801944444444444
39,Thanet,north_sea,united_kingdom,300.0,Vestas V90-3.0 (3.0 MW. 90.0 m),100.0,51° 25′ 30″ N. 1° 37′ 3″ O,production,2010,,3.0,51.425,1.6175
40,Sheringham Shoal,north_sea,united_kingdom,317.0,Siemens SWT-3.6-107 (3.6 MW. 107.0 m),88.0,53° 8′ 6″ N. 1° 8′ 49″ O,production,2011,,3.6,53.135,1.1469444444444443
41,Greater Gabbard,north_sea,united_kingdom,504.0,Siemens SWT-3.6-107 (3.6 MW. 107.0 m),140.0,51° 52′ 48″ N. 1° 56′ 24″ O,production,2012,[18],3.6,51.88,1.94
42,London Array (Phase 1),north_sea,united_kingdom,630.0,Siemens SWT-3.6-120 (3.6 MW. 120.0 m),175.0,51° 38′ 0″ N. 1° 33′ 0″ O,production,2012,,3.6,51.63333333333333,1.55
43,BARD Offshore I,north_sea,germany,400.0,BARD 5.0 (5.0 MW. 122.0 m),80.0,54° 21′ 30″ N. 5° 58′ 30″ O,production,2013,,5.0,54.358333333333334,5.9750000000000005
44,Lincs,north_sea,united_kingdom,270.0,Siemens SWT-3.6-120 (3.6 MW. 120.0 m),75.0,53° 11′ 0″ N. 0° 29′ 0″ O,production,2013,[19],3.6,53.18333333333333,0.48333333333333334
45,Teesside *,north_sea,united_kingdom,62.0,Siemens SWT-2.3-93 (2.3 MW. 93.0 m),27.0,54° 39′ 0″ N. 1° 6′ 0″ W,production,2013,,2.3,54.65,-1.1
46,Gunfleet Sands (Phasen 1-3),north_sea,united_kingdom,184.0,48 × Siemens SWT-3.6-107 (3.6 MW. 107.0 m) 2 × Siemens SWT-6.0-120 (6.0 MW. 120.0 m),50.0,51° 43′ 48″ N. 1° 13′ 44″ O,production,2013,,3.7,51.730000000000004,1.228888888888889
47,Thorntonbank (Phasen 1-3),north_sea,belgium,325.68,6 × REpower 5M (5.08 MW. 126.5 m) 48 × REpower 6.2M126 (6.15 MW. 126.5 m),54.0,51° 32′ 24″ N. 2° 56′ 24″ O,production,2013,[20][21][22],6.0,51.54,2.9400000000000004
48,Riffgat,north_sea,germany,113.4,Siemens SWT-3.6-120 (3.78 MW. 120.0 m),30.0,53° 41′ 24″ N. 6° 28′ 48″ O,production,2014,[23],3.8,53.69,6.48
49,Northwind,north_sea,belgium,216.0,Vestas V112-3.0 (3.0 MW. 112.0 m),72.0,51° 37′ 0″ N. 2° 54′ 0″ O,production,2014,[24],3.0,51.61666666666667,2.9
50,Amrumbank West,north_sea,germany,302.4,Siemens SWT-3.6-120 (3.78 MW. 120.0 m),80.0,54° 30′ 0″ N. 7° 48′ 0″ O,production,2015,[25][26],3.8,54.5,7.8
51,Butendiek,north_sea,germany,288.0,Siemens SWT-3.6-120 (3.6 MW. 120.0 m),80.0,54° 54′ 0″ N. 7° 45′ 0″ O,production,2015,[27],3.6,54.9,7.75
52,DanTysk,north_sea,germany,302.4,Siemens SWT-3.6-120 (3.78 MW. 120.0 m),80.0,55° 9′ 0″ N. 7° 10′ 30″ O,production,2015,[28],3.8,55.15,7.175000000000001
53,Global Tech I,north_sea,germany,400.0,AREVA Multibrid M5000-116 (5.0 MW. 116.0 m),80.0,54° 30′ 0″ N. 6° 21′ 30″ O,production,2015,[29],5.0,54.5,6.358333333333333
54,Humber Gateway,north_sea,united_kingdom,219.0,Vestas V112-3.0 (3.0 MW. 112.0 m),73.0,53° 38′ 38″ N. 0° 17′ 35″ O,production,2015,[30][31],3.0,53.64388888888889,0.29305555555555557
55,Luchterduinen,north_sea,netherlands,129.0,Vestas V112-3.0 (3.0 MW. 112.0 m),43.0,52° 24′ 18″ N. 4° 9′ 43″ O,production,2015,[32],3.0,52.405,4.161944444444445
56,Meerwind Süd/Ost,north_sea,germany,288.0,Siemens SWT-3.6-120 (3.6 MW. 120.0 m),80.0,54° 23′ 0″ N. 7° 41′ 0″ O,production,2015,[33],3.6,54.38333333333333,7.683333333333334
57,Nordsee Ost,north_sea,germany,295.2,Senvion 6.2M126 (6.15 MW. 126.0 m),48.0,54° 26′ 0″ N. 7° 41′ 0″ O,production,2015,,6.1,54.43333333333333,7.683333333333334
58,Westermost Rough,north_sea,united_kingdom,210.0,Siemens SWT-6.0-154 (6.0 MW. 154.0 m),35.0,53° 48′ 18″ N. 0° 8′ 56″ O,production,2015,[34],6.0,53.805,0.14888888888888888
59,Kentish Flats (Phasen 1 und 2),north_sea,united_kingdom,139.5,30 × Vestas V90-3.0 (3.0 MW. 90.0 m) 15 × Vestas V112-3.3 (3.3 MW. 112.0 m),45.0,51° 27′ 36″ N. 1° 5′ 24″ O,production,2016,Phase 1 mit 30 Turbinen seit 2005. Phase 2 mit 15 Turbinen seit 2016 in Betrieb[35],3.1,51.46,1.0899999999999999
60,Dudgeon,north_sea,united_kingdom,402.0,Siemens SWT-6.0-154 (6.0 MW. 154.0 m),67.0,53° 16′ 0″ N. 1° 23′ 0″ O,production,2017,[36],6.0,53.266666666666666,1.3833333333333333
61,Gemini,north_sea,netherlands,600.0,Siemens SWT-4.0-130 (4.0 MW. 130.0 m),150.0,54° 2′ 0″ N. 5° 56′ 0″ O,production,2017,[37],4.0,54.03333333333333,5.933333333333334
62,Gode Wind (Phasen 1 und 2),north_sea,germany,611.1,Siemens SWT-6.0-154 (6.3 MW. 154.0 m),97.0,54° 4′ 0″ N. 7° 2′ 0″ O,production,2017,,6.3,54.06666666666667,7.033333333333333
63,Nobelwind (Bligh Bank Phase 2),north_sea,belgium,165.0,Vestas V112-3.3 (3.3 MW. 112.0 m),50.0,51° 39′ 36″ N. 2° 49′ 12″ O,production,2017,[38],3.3,51.66,2.82
64,Nordergründe,north_sea,germany,110.7,Senvion 6.2M126 (6.15 MW. 126.0 m),18.0,53° 50′ 0″ N. 8° 10′ 0″ O,production,2017,[39],6.2,53.833333333333336,8.166666666666666
65,Nordsee One,north_sea,germany,332.1,Senvion 6.2M126 (6.15 MW. 126.0 m),54.0,53° 58′ 0″ N. 6° 48′ 0″ O,production,2017,[40],6.2,53.96666666666667,6.8
66,Sandbank (Phase 1),north_sea,germany,288.0,Siemens SWT-4.0-130 (4.0 MW. 130.0 m),72.0,55° 11′ 0″ N. 6° 51′ 0″ O,production,2017,[41],4.0,55.18333333333333,6.85
67,Veja Mate,north_sea,germany,402.0,Siemens SWT-6.0-154 (6.0 MW. 154.0 m),67.0,54° 19′ 1″ N. 5° 52′ 15″ O,production,2017,[42],6.0,54.316944444444445,5.870833333333334
68,Aberdeen Bay,north_sea,united_kingdom,93.2,9 × MHI Vestas V164-8.0 MW (8.4 MW. 164.0 m)  2 × MHI Vestas V164-8.0 MW (8.8 MW. 164.0 m),11.0,57° 13′ 30″ N. 1° 59′ 35″ W,production,2018,European Offshore Wind Deployment Centre (EOWDC)[43][44],8.5,57.225,-1.9930555555555556
69,Blyth (Demonstrator),north_sea,united_kingdom,41.5,MHI Vestas V164-8.0 MW (8.3 MW. 164.0 m),5.0,55° 9′ 58″ N. 1° 22′ 8″ W,production,2018,[45],8.3,55.16611111111111,-1.3688888888888888
70,Galloper,north_sea,united_kingdom,352.8,Siemens SWT-6.0-154 (6.3 MW. 154.0 m),56.0,51° 53′ 31″ N. 2° 2′ 2″ O,production,2018,[46][47],6.3,51.89194444444444,2.033888888888889
71,Nissum Bredning *,north_sea,denmark,28.0,Siemens SWT-7.0-154 (7.0 MW. 154.0 m),4.0,56° 40′ 8″ N. 8° 14′ 42″ O,production,2018,[48],7.0,56.66888888888889,8.245
72,Race Bank,north_sea,united_kingdom,573.3,Siemens SWT-6.0-154 (6.3 MW. 154.0 m),91.0,53° 16′ 33″ N. 0° 50′ 27″ O,production,2018,[49],6.3,53.27583333333333,0.8408333333333333
73,Beatrice,north_sea,united_kingdom,588.0,Siemens SWT-7.0-154 (7.0 MW. 154.0 m),84.0,58° 15′ 14″ N. 2° 50′ 38″ W,production,2019,[50],7.0,58.25388888888889,-2.843888888888889
74,Borkum Riffgrund (Phasen 1 und 2),north_sea,germany,776.8,78 × Siemens SWT-4.0-120 (4.0 MW. 120.0 m)  56 × MHI Vestas V164-8.0 MW (8.3 MW. 164.0 m),134.0,53° 58′ 0″ N. 6° 33′ 0″ O,production,2019,Phase 1 mit 78 Turbinen seit 2015[51] und Phase 2 mit 56 Turbinen seit 2019[52] in Betrieb,5.8,53.96666666666667,6.55
75,Deutsche Bucht,north_sea,germany,260.4,MHI Vestas V164-8.0 MW (8.4 MW. 164.0 m),31.0,54° 18′ 18″ N. 5° 47′ 56″ O,production,2019,[53],8.4,54.305,5.7988888888888885
76,Hohe See,north_sea,germany,497.0,Siemens SWT-7.0-154 (7.0 MW. 154.0 m),71.0,54° 26′ 0″ N. 6° 19′ 0″ O,production,2019,[54],7.0,54.43333333333333,6.316666666666666
77,Horns Rev (Phasen 1 – 3),north_sea,denmark,775.7,80 × Vestas V80-2.0 (2.0 MW. 80.0 m) 91 × Siemens SWT-2.3-93 (2.3 MW. 93.0 m) 49 × MHI Vestas V164-8.0 MW (8.3 MW. 164.0 m),230.0,55° 31′ 47″ N. 7° 54′ 22″ O,production,2019,Phase 1 mit 80 Turbinen seit 2002. Phase 2 mit 91 Turbinen seit 2009 und Phase 3 mit 49 Turbinen seit 2019 in Betrieb[55][56],3.4,55.52972222222222,7.9061111111111115
78,Merkur Offshore,north_sea,germany,396.0,GE Haliade 150-6MW (6.0 MW. 151.0 m),66.0,54° 2′ 0″ N. 6° 33′ 0″ O,production,2019,[57],6.0,54.03333333333333,6.55
79,Rentel,north_sea,belgium,308.7,Siemens SWT-7.0-154 (7.35 MW. 154.0 m),42.0,51° 35′ 28″ N. 2° 56′ 38″ O,production,2019,[58],7.4,51.59111111111111,2.943888888888889
80,Albatros (Hohe See Extension),north_sea,germany,117.6,Siemens SWT-7.0-154 (7.35 MW. 154.0 m),16.0,54° 30′ 0″ N. 6° 24′ 0″ O,production,2020,[59],7.4,54.5,6.4
81,Borssele (Phasen 1 und 2),north_sea,netherlands,752.0,Siemens Gamesa SG 8.0-167 DD (8.0 MW. 167.0 m),94.0,51° 44′ 42″ N. 3° 3′ 40″ O,production,2020,[60],8.0,51.745,3.061111111111111
82,East Anglia ONE,north_sea,united_kingdom,714.0,Siemens SWT-7.0-154 (7.0 MW. 154.0 m),102.0,52° 14′ 2″ N. 2° 28′ 40″ O,production,2020,[61],7.0,52.23388888888889,2.477777777777778
83,Hornsea (Project One),north_sea,united_kingdom,1218.0,Siemens SWT-7.0-154 (7.0 MW. 154.0 m),174.0,53° 53′ 6″ N. 1° 47′ 28″ O,production,2020,[62],7.0,53.885,1.791111111111111
84,Norther,north_sea,belgium,370.0,MHI Vestas V164-8.0 MW (8.4 MW. 164.0 m),44.0,51° 31′ 37″ N. 3° 0′ 50″ O,production,2020,,8.4,51.526944444444446,3.013888888888889
85,Northwester 2,north_sea,belgium,218.5,MHI Vestas V164-9.5 MW (9.5 MW. 164.0 m),23.0,51° 41′ 10″ N. 2° 45′ 25″ O,production,2020,[63],9.5,51.68611111111111,2.7569444444444446
86,Seamade (Zonen Mermaid und Seastar),north_sea,belgium,487.2,Siemens Gamesa SG 8.0-167 DD (8.4 MW. 167.0 m),58.0,51° 43′ 8″ N. 2° 44′ 20″ O,production,2020,[64],8.4,51.71888888888889,2.738888888888889
87,Trianel Windpark Borkum (Phasen 1 und 2),north_sea,germany,403.2,40 × AREVA Multibrid M5000-116 (5.00 MW. 116.0 m)  32 × Senvion 6.3M152 (6.33 MW. 152.0 m),72.0,54° 2′ 46″ N. 6° 27′ 25″ O,production,2020,Phase 1 mit 40 Turbinen seit 2015[65] und Phase 2 mit 32 Turbinen seit 2020[66] in Betrieb,5.6,54.04611111111111,6.456944444444445
88,Borssele (Phasen 3 und 4),north_sea,netherlands,731.5,MHI Vestas V164-9.5 MW (9.5 MW. 164.0 m),77.0,51° 40′ 1″ N. 2° 58′ 16″ O,production,2021,[67],9.5,51.66694444444444,2.971111111111111
89,Borssele (Phase 5),north_sea,netherlands,19.0,MHI Vestas V164-9.5 MW (9.5 MW. 164.0 m),2.0,51° 42′ 32″ N. 3° 0′ 11″ O,production,2021,[68],9.5,51.70888888888889,3.0030555555555556
90,Hornsea (Project Two),north_sea,united_kingdom,1386.0,Siemens Gamesa SG 8.0-167 DD (8.4 MW. 167.0 m),165.0,53° 56′ 24″ N. 1° 41′ 13″ O,production,2022,[69],8.4,53.94,1.6869444444444444
91,Moray Firth (East),north_sea,united_kingdom,950.0,MHI Vestas V164-9.5 MW (9.5 MW. 164.0 m),100.0,58° 11′ 17″ N. 2° 43′ 12″ W,production,2022,[70],9.5,58.18805555555555,-2.72
92,Triton Knoll,north_sea,united_kingdom,857.25,MHI Vestas V164-9.5 MW (9.525 MW. 164.0 m),90.0,53° 28′ 44″ N. 0° 50′ 13″ O,production,2022,[71],9.5,53.47888888888889,0.8369444444444445
93,Kaskasi,north_sea,germany,342.0,Siemens Gamesa SG 8.0-167 DD Flex (9.0 MW. 167.0 m),38.0,54° 29′ 20″ N. 7° 41′ 42″ O,partial_production,2022,1. August 2022: 9 von 38 Turbinen errichtet. erste Turbine in Betrieb[72]; erstmals Einsatz von recycelbaren Rotorblättern[73],9.0,54.48888888888889,7.695
94,Hollandse Kust Zuid (Phasen 1-4),north_sea,netherlands,1540.0,Siemens Gamesa SG 11.0-200 DD (11.0 MW. 200.0 m),140.0,52° 20′ 2″ N. 4° 0′ 40″ O,partial_production,2023,3. August 2022: 36 von 140 Turbinen errichtet. erste Turbine im Testbetrieb[74],11.0,52.33388888888889,4.011111111111111
95,Seagreen (Phase 1),north_sea,united_kingdom,1140.0,MHI Vestas V164-10.0 MW (10.0 MW. 164.0 m),114.0,56° 35′ 31″ N. 1° 44′ 28″ W,partial_production,2023,23. September 2022: 62 von 114 Gründungen installiert und 50 von 114 Turbinen errichtet[75],10.0,56.591944444444444,-1.7411111111111113
96,Hollandse Kust Noord (Phasen 1 und 2),north_sea,netherlands,759.0,Siemens Gamesa SG 11.0-200 DD (11.0 MW. 200.0 m),69.0,52° 42′ 50″ N. 4° 16′ 16″ O,construction,2023,18. Oktober 2022: eine von 69 Gründungen installiert[76],11.0,52.71388888888889,4.271111111111111
97,Dogger Bank (Phasen A und B),north_sea,united_kingdom,2470.0,GE Haliade-X 13 MW (13.0 MW. 218.0 m),190.0,54° 46′ 8″ N. 1° 54′ 29″ O,construction,2024,21. September 2022: 11 von 190 Gründungen installiert[77],13.0,54.76888888888889,1.9080555555555554
98,Vesterhav * (Nord und Süd),north_sea,denmark,344.4,Siemens Gamesa SG 8.0-167 DD (8.4 MW. 167.0 m),41.0,56° 37′ 19″ N. 8° 3′ 14″ O,pre_construction,2023,15. Dezember 2021: endgültige Investitionsentscheidung getroffen[78],8.4,56.621944444444445,8.05388888888889
99,Gode Wind (Phase 3),north_sea,germany,253.0,Siemens Gamesa SG 11.0-200 DD (11.0 MW. 200.0 m),23.0,54° 2′ 13″ N. 7° 6′ 36″ O,pre_construction,2024,1. Dezember 2021: endgültige Investitionsentscheidung getroffen[79],11.0,54.036944444444444,7.109999999999999
100,Neart na Gaoithe,north_sea,united_kingdom,453.6,Siemens Gamesa SG 8.0-167 DD (8.4 MW. 167.0 m),54.0,56° 16′ 5″ N. 2° 15′ 0″ W,pre_construction,2024,28. November 2019: endgültige Investitionsentscheidung getroffen[80][81],8.4,56.268055555555556,-2.25
101,Borkum Riffgrund (Phase 3),north_sea,germany,913.0,Siemens Gamesa SG 11.0-200 DD (11.0 MW. 200.0 m),83.0,54° 2′ 49″ N. 6° 14′ 2″ O,pre_construction,2025,1. Dezember 2021: endgültige Investitionsentscheidung getroffen[82],11.0,54.04694444444444,6.233888888888889
102,Dogger Bank (Phase C),north_sea,united_kingdom,1218.0,GE Haliade-X 14 MW (14.0 MW. 218.0 m),87.0,55° 2′ 20″ N. 2° 49′ 19″ O,pre_construction,2026,2. Dezember 2021: endgültige Investitionsentscheidung getroffen; Baubeginn für 2024 vorgesehen[83],14.0,55.038888888888884,2.821944444444444
103,Sofia,north_sea,united_kingdom,1400.0,Siemens Gamesa SG 14.0-222 DD (14.0 MW. 222.0 m),100.0,54° 59′ 20″ N. 2° 13′ 41″ O,pre_construction,2026,24. März 2021: endgültige Investitionsentscheidung getroffen. Baubeginn für 2023 vorgesehen[84],14.0,54.98888888888889,2.2280555555555557
104,Forthwind * (Demonstrator),north_sea,united_kingdom,12.0,,,56° 10′ 5″ N. 3° 0′ 50″ W,planning,2024,20. September 2019: CIERCO erhält Zuschlag bei Ausschreibung[85],,56.168055555555554,-3.013888888888889
105,He dreiht,north_sea,germany,960.0,Vestas V236-15.0 MW (15.0 MW. 236.0 m),64.0,54° 21′ 54″ N. 6° 11′ 10″ O,planning,2025,13. April 2017: EnBW erhält Zuschlag bei Ausschreibung;[86][87] Netzanbindung über BorWin5 (Fertigstellung nicht vor 2025) vorgesehen[88],15.0,54.365,6.186111111111112
106,Hollandse Kust West (Phasen 1 und 2),north_sea,netherlands,1400.0,,,52° 37′ 44″ N. 3° 42′ 58″ O,planning,2025,Ausschreibungsverfahren für 2022 vorgesehen[89],,52.62888888888889,3.716111111111111
107,Moray Firth (West),north_sea,united_kingdom,882.0,Siemens Gamesa SG 14.0-222 DD (14.7 MW. 222.0 m),60.0,58° 2′ 42″ N. 3° 0′ 25″ W,planning,2025,7. Juli 2022: Ocean Winds erhält Zuschlag für 294 MW bei Ausschreibung[90][91],14.7,58.044999999999995,-3.0069444444444446
108,East Anglia Hub,north_sea,united_kingdom,3080.0,Siemens Gamesa SG 14.0-222 DD (14.0 MW. 222.0 m),220.0,52° 39′ 50″ N. 2° 50′ 46″ O,planning,2026,7. Juli 2022: Iberdrola erhält Zuschlag für 1372 MW bei Ausschreibung; Baubeginn für 2023 vorgesehen[92][93],14.0,52.663888888888884,2.8461111111111115
109,Inch Cape,north_sea,united_kingdom,1080.0,Vestas V236-15.0 MW (15.0 MW. 236.0 m),72.0,56° 29′ 42″ N. 2° 12′ 25″ O,planning,2026,7. Juli 2022: Red Rock Power erhält Zuschlag bei Ausschreibung[94],15.0,56.495,2.206944444444445
110,N. N. (Fläche N-3.7),north_sea,germany,225.0,,,54° 2′ 35″ N. 7° 4′ 52″ O,planning,2026,9. September 2021: RWE erhält Zuschlag bei Ausschreibung[95],,54.043055555555554,7.0811111111111105
111,Nordsee Two (Fläche N-3.8),north_sea,germany,433.0,,,54° 1′ 55″ N. 6° 50′ 31″ O,planning,2026,9. September 2021: EDF erhält Zuschlag bei Ausschreibung;[96] 5. November 2021: RWE nimmt Eintrittsrecht wahr,,54.03194444444444,6.841944444444444
112,N. N. (Fläche N-7.2),north_sea,germany,980.0,,,54° 17′ 6″ N. 6° 18′ 11″ O,planning,2027,7. September 2022: RWE erhält Zuschlag bei Ausschreibung[97] 29. September 2022: Vattenfall nimmt Eintrittsrecht wahr,,54.285,6.303055555555555
113,Hornsea (Project Three),north_sea,united_kingdom,2852.0,,,53° 52′ 23″ N. 2° 32′ 13″ O,planning,2027,7. Juli 2022: Ørsted erhält Zuschlag bei Ausschreibung[98],,53.87305555555555,2.5369444444444444
114,Norfolk Boreas,north_sea,united_kingdom,1800.0,Siemens Gamesa SG 14.0-236 DD (15.0 MW. 236.0 m),120.0,53° 2′ 24″ N. 2° 56′ 2″ O,planning,2027,7. Juli 2022: Vattenfall erhält Zuschlag für 1396 MW bei Ausschreibung[99],15.0,53.04,2.933888888888889
115,Thor,north_sea,denmark,1000.0,,,56° 21′ 29″ N. 7° 41′ 6″ O,planning,2027,1. Dezember 2021: RWE erhält Zuschlag bei Ausschreibung. Baubeginn für 2025 vorgesehen[100],,56.35805555555556,7.6850000000000005
116,Hornsea (Project Four),north_sea,united_kingdom,1000.0,,,54° 2′ 17″ N. 1° 16′ 16″ O,planning,,,,54.03805555555555,1.271111111111111
117,Norfolk Vanguard,north_sea,united_kingdom,1800.0,Siemens Gamesa SG 14.0-236 DD (15.0 MW. 236.0 m),120.0,52° 52′ 5″ N. 2° 41′ 17″ O,planning,,,15.0,52.86805555555556,2.6880555555555556
118,Berwick Bank Wind Farm,north_sea,united_kingdom,4100.0,,,56° 22′ 12″ N. 1° 31′ 16″ W,planning,,,,56.37,-1.521111111111111
120,Vindeby*,great_belt,denmark,5.0,Bonus B35/450 (450 kW. 35.0 m),11.0,54° 58′ 12″ N. 11° 7′ 48″ O,decommissioned,1991,nach 25 Jahren Betrieb 2017 zurückgebaut[101][102],0.5,54.97,11.13
121,Tunø Knob *,kattegatt,denmark,5.0,Vestas V39-500 (500 kW. 39.0 m),10.0,55° 58′ 5″ N. 10° 21′ 18″ O,production,1995,,0.5,55.96805555555556,10.355
122,Bockstigen *,baltic_sea,sweden,,Vestas V47-660 (660 kW. 47.0 m)  (zunächst Wind World 37/550 kW);,5.0,57° 2′ 10″ N. 18° 9′ 0″ O,production,1997/2018,2018 Teilrepowering: Ersatz der ursprünglichen Turbinen durch generalüberholte Vestas V47-660 bei Weiternutzung der bestehenden Gründungen. Türme. Verkabelung und Netzanschluss[103][104],,57.03611111111111,18.15
123,Utgrunden * (Phase 1),baltic_sea,sweden,10.5,Enron Wind 1.5 s (1.5 MW. 70.0 m),7.0,56° 20′ 38″ N. 16° 16′ 48″ O,decommissioned,2000,31. August 2018: Alle Turbinen zurückgebaut[105],1.5,56.34388888888889,16.279999999999998
124,Middelgrunden *,oeresund,denmark,40.0,Bonus B76/2000 (2.0 MW. 76.0 m),20.0,55° 41′ 28″ N. 12° 40′ 8″ O,production,2001,,2.0,55.691111111111105,12.668888888888889
125,Yttre Stengrund *,baltic_sea,sweden,10.0,NEG Micon NM 72/2000 (2.0 MW. 72.0 m),5.0,56° 10′ 1″ N. 16° 1′ 16″ O,decommissioned,2001,im Januar 2016 zurückgebaut[106],2.0,56.16694444444444,16.02111111111111
126,Frederikshavn *,kattegatt,denmark,7.6,1 × Vestas V90-3.0 (3.0 MW. 90.0 m) 1 × Bonus B82/2300 (2.3 MW. 82.4 m) 1 × Nordex N90/2300 (2.3 MW. 90.0 m),3.0,57° 26′ 35″ N. 10° 33′ 43″ O,production,2002,,2.5,57.44305555555555,10.561944444444444
127,Samsø *,kattegatt,denmark,23.0,Siemens SWT-2.3-82 (2.3 MW. 82.0 m),10.0,55° 43′ 12″ N. 10° 34′ 59″ O,production,2003,,2.3,55.72,10.583055555555555
128,Lillgrund,baltic_sea,sweden,110.0,Siemens SWT-2.3-93 (2.3 MW. 93.0 m),48.0,55° 30′ 40″ N. 12° 46′ 44″ O,production,2007,,2.3,55.51111111111111,12.77888888888889
129,Kemin Ajos *,baltic_sea,finnland,42.4,8 × Siemens SWT-3.3-130 (3.3 MW. 130.0 m) 5 × Siemens SWT-3.2-113 (3.2 MW. 113.0 m),13.0,65° 39′ 11″ N. 24° 32′ 35″ O,production,2008,5 Turbinen onshore. 8 auf künstlichen Inseln[107] Windpark wurde 2017 erneuert[108],3.3,65.65305555555557,24.543055555555558
130,Avedøre Holme *,baltic_sea,denmark,10.8,Siemens SWT-3.6-120 (3.6 MW. 120.0 m),3.0,55° 36′ 7″ N. 12° 27′ 40″ O,production,2009,,3.6,55.60194444444445,12.46111111111111
131,Sprogø,great_belt,denmark,21.0,Vestas V90-3.0 (3.0 MW. 90.0 m),7.0,55° 20′ 35″ N. 10° 57′ 29″ O,production,2009,,3.0,55.34305555555556,10.958055555555555
132,Nysted (Rødsand) (Phasen 1 und 2),baltic_sea,denmark,373.0,72 × Siemens SWT-2.3-82 (2.3 MW. 82.0 m) 90 × Siemens SWT-2.3-93 (2.3 MW. 93.0 m),162.0,54° 32′ 56″ N. 11° 42′ 50″ O,production,2010,Phase 1 mit 72 Turbinen seit 2003. Phase 2 mit 90 Turbinen seit 2010 in Betrieb,2.3,54.54888888888889,11.713888888888889
133,Vänern *,vaenern,sweden,30.0,WinWinD WWD-3 D100 (3.0 MW. 100.0 m),10.0,59° 15′ 43″ N. 13° 23′ 13″ O,production,2010,,3.0,59.261944444444445,13.386944444444444
134,EnBW Baltic 1,baltic_sea,germany,48.3,21 × Siemens SWT-2.3-93 (2.3 MW. 93.0 m),21.0,54° 36′ 32″ N. 12° 39′ 4″ O,production,2011,[109],2.3,54.60888888888889,12.651111111111112
135,Anholt,kattegatt_grenaa,denmark,400.0,Siemens SWT-3.6-120 (3.6 MW. 120.0 m),111.0,56° 36′ 11″ N. 11° 12′ 32″ O,production,2013,[110][111],3.6,56.60305555555556,11.208888888888888
136,Kårehamn *,baltic_sea,sweden,48.0,Vestas V112-3.0 (3.0 MW. 112.0 m),16.0,56° 59′ 2″ N. 17° 1′ 19″ O,production,2013,[112][113],3.0,56.98388888888889,17.021944444444443
137,EnBW Baltic 2,baltic_sea,germany,288.0,80 × SWT-3.6-120 (3.6 MW. 120.0 m),80.0,54° 58′ 23″ N. 13° 10′ 41″ O,production,2015,[114],3.6,54.973055555555554,13.178055555555554
138,Tahkoluoto *,baltic_sea,finnland,40.0,Siemens SWT-4.0-130 (4.0 MW. 130.0 m),10.0,61° 37′ 41″ N. 21° 21′ 11″ O,production,2017,[115],4.0,61.628055555555555,21.353055555555557
139,Wikinger,baltic_sea,germany,353.5,Adwen AD 5-135 (5.05 MW. 135.0 m),70.0,54° 50′ 2″ N. 14° 4′ 5″ O,production,2017,[116],5.0,54.83388888888889,14.068055555555555
140,Arkona-Becken Südost,baltic_sea,germany,384.0,Siemens SWT-6.0-154 (6.4 MW. 154.0 m),60.0,54° 46′ 55″ N. 14° 7′ 16″ O,production,2019,[117],6.4,54.78194444444444,14.121111111111112
141,Kriegers Flak,baltic_sea,denmark,604.8,Siemens Gamesa SG 8.0-167 DD (8.4 MW. 167.0 m),72.0,55° 1′ 34″ N. 12° 56′ 20″ O,production,2021,[118],8.4,55.02611111111111,12.93888888888889
142,Arcadis Ost 1,baltic_sea,germany,257.2,MHI Vestas V174-9.5 MW (9.525 MW. 174.0 m),27.0,54° 49′ 23″ N. 13° 38′ 35″ O,construction,2023,26. Juli 2022: alle Gründungen sowie Umspannplattform installiert[119],9.5,54.823055555555555,13.643055555555556
143,Baltic Eagle,baltic_sea,germany,476.25,MHI Vestas V174-9.5 MW (9.525 MW. 174.0 m),50.0,54° 49′ 48″ N. 13° 51′ 18″ O,pre_construction,2024,30. November 2020: endgültige Investitionsentscheidung getroffen; Baubeginn für 2022 vorgesehen.,9.5,54.830000000000005,13.855
144,Bałtyk Środkowy II,baltic_sea,poland,720.0,Siemens Gamesa SG 14.0-236 DD (15.0 MW. 236.0 m),48.0,55° 5′ 35″ N. 16° 41′ 24″ O,planning,2025,5. Mai 2021: Equinor und Polenergia erhalten Zuschlag bei Ausschreibung[120],15.0,55.09305555555556,16.69
145,FEW Baltic II,baltic_sea,poland,350.0,Siemens Gamesa SG 14.0-236 DD (14.0 MW. 236.0 m),25.0,55° 4′ 59″ N. 17° 22′ 41″ O,planning,2025,8. April 2021: RWE erhält Zuschlag bei Ausschreibung[121],14.0,55.08305555555556,17.378055555555555
146,B&C-Wind,baltic_sea,poland,369.5,,,55° 4′ 59″ N. 18° 1′ 23″ O,planning,2026,30. Juni 2021: EDP Renewables und Engie erhalten Zuschlag bei Ausschreibung[122],,55.08305555555556,18.023055555555555
147,Baltic Power,baltic_sea,poland,1140.0,Vestas V236-15.0 MW (15.0 MW. 236.0 m),76.0,55° 3′ 0″ N. 17° 38′ 38″ O,planning,2026,16. Juni 2021: PKN Orlen und Northland Power erhalten Zuschlag bei Ausschreibung[123],15.0,55.05,17.64388888888889
148,Baltica 3,baltic_sea,poland,1000.0,,,55° 3′ 22″ N. 17° 27′ 36″ O,planning,2026,8. April 2021: Ørsted und PGE erhalten Zuschlag bei Ausschreibung[124],,55.05611111111111,17.46
149,Gennaker,baltic_sea,germany,927.0,Siemens Gamesa SG 8.0-167 DD Flex (9.0 MW. 167.0 m),103.0,54° 36′ 58″ N. 12° 36′ 29″ O,planning,2026,3. Juni 2019: Baugenehmigung erteilt[125][126],9.0,54.61611111111111,12.608055555555556
150,Windanker (Fläche O-1.3),baltic_sea,germany,300.0,,,54° 54′ 22″ N. 14° 0′ 18″ O,planning,2026,9. September 2021: RWE erhält Zuschlag bei Ausschreibung;[127] 5. November 2021: Iberdrola nimmt Eintrittsrecht wahr[128],,54.90611111111111,14.005
151,Bałtyk Środkowy III,baltic_sea,poland,720.0,Siemens Gamesa SG 14.0-236 DD (15.0 MW. 236.0 m),48.0,54° 59′ 38″ N. 16° 41′ 24″ O,planning,2027,5. Mai 2021: Equinor und Polenergia erhalten Zuschlag bei Ausschreibung[129],15.0,54.99388888888889,16.69
152,Baltica 2,baltic_sea,poland,1500.0,,,55° 4′ 5″ N. 17° 2′ 46″ O,planning,2027,8. April 2021: Ørsted und PGE erhalten Zuschlag bei Ausschreibung[130],,55.06805555555556,17.046111111111113
153,Wikinger Süd,baltic_sea,germany,10.0,,,54° 49′ 23″ N. 14° 7′ 37″ O,planning_stopped,—,8. April 2022: Bundesnetzagentur hat Zuschlag widerrufen. Planfeststellungsverfahren beendet[131],,54.823055555555555,14.126944444444446
155,Block Island *,atlantic,united_states,30.0,GE Haliade 150-6MW (6.0 MW. 150.0 m),5.0,41° 6′ 54″ N. 71° 31′ 16″ W,production,2016,[132],6.0,41.115,-71.52111111111111
156,Coastal Virginia (Demonstrator),atlantic,united_states,12.0,Siemens SWT-6.0-154 (6.0 MW. 154.0 m),2.0,36° 54′ 25″ N. 75° 29′ 28″ W,production,2020,[133],6.0,36.90694444444444,-75.49111111111111
157,South Fork,atlantic,united_states,132.0,Siemens Gamesa SG 11.0-200 DD (11.0 MW. 200.0 m),12.0,41° 4′ 5″ N. 71° 9′ 58″ W,pre_construction,2023,11. Februar 2022: endgültige Investitionsentscheidung getroffen[134],11.0,41.06805555555556,-71.16611111111112
158,Vineyard Wind,atlantic,united_states,843.2,GE Haliade-X 13 MW (13.6 MW. 218.0 m),62.0,41° 1′ 59″ N. 70° 29′ 24″ W,pre_construction,2023,16. September 2021: endgültige Investitionsentscheidung getroffen[135],13.6,41.033055555555556,-70.49
159,Empire Wind (Phase 1),atlantic,united_states,810.0,Vestas V236-15.0 MW (15.0 MW. 236.0 m),54.0,40° 21′ 0″ N. 73° 32′ 42″ W,planning,2025,19. Juli 2019: Equinor erhält Zuschlag bei Ausschreibung[136],15.0,40.35,-73.545
160,MarWind,atlantic,united_states,268.8,je 8.4 MW,32.0,38° 20′ 49″ N. 74° 45′ 36″ W,planning,2025,[137],8.4,38.346944444444446,-74.76
161,Mayflower (Phase 1),atlantic,united_states,804.0,,,40° 50′ 24″ N. 70° 16′ 30″ W,planning,2025,31. Oktober 2019: Shell und EDPR erhalten Zuschlag bei Ausschreibung[138],,40.84,-70.275
162,Ocean Wind (Phase 1),atlantic,united_states,1170.0,GE Haliade-X 13 MW (13.0 MW. 218.0 m),90.0,39° 5′ 31″ N. 74° 16′ 55″ W,planning,2025,21. Juni 2019: Ørsted erhält Zuschlag bei Ausschreibung[139][140],13.0,39.091944444444444,-74.28194444444445
163,Park City Wind,atlantic,united_states,804.0,,,41° 3′ 4″ N. 70° 33′ 7″ W,planning,2025,6. Dezember 2019: CIP und Iberdrola erhalten Zuschlag bei Ausschreibung[141],,41.051111111111105,-70.55194444444444
164,Revolution Wind,atlantic,united_states,715.0,Siemens Gamesa SG 11.0-200 DD (11.0 MW. 200.0 m),65.0,41° 8′ 49″ N. 71° 4′ 23″ W,planning,2025,23. Mai 2018: Deepwater Wind erhält Zuschlag für 400 MW bei Ausschreibung[142] 14. Juni 2018: Deepwater Wind erhält Zuschlag für 200 MW bei Ausschreibung[143] 28. Dezember 2018: Ørsted erhält Zuschlag für 100 MW bei Ausschreibung[144],11.0,41.14694444444444,-71.07305555555556
165,Sunrise Wind,atlantic,united_states,924.0,Siemens Gamesa SG 11.0-200 DD (11.0 MW. 200.0 m),84.0,40° 55′ 30″ N. 70° 58′ 1″ W,planning,2025,19. Juli 2019: Ørsted erhält Zuschlag bei Ausschreibung[145],11.0,40.925,-70.96694444444445
166,Coastal Virginia,atlantic,united_states,2640.0,Siemens Gamesa SG 14.0-222 DD (15.0 MW. 222.0 m),176.0,36° 54′ 29″ N. 75° 20′ 17″ W,planning,2026,[146],15.0,36.908055555555556,-75.33805555555556
167,Momentum Wind,atlantic,united_states,808.5,,,38° 24′ 22″ N. 74° 48′ 43″ W,planning,2026,18. Dezember 2021: US Wind erhält Zuschlag bei Ausschreibung[147],,38.40611111111111,-74.81194444444444
168,Skipjack (Phase 1),atlantic,united_states,130.0,,,38° 32′ 49″ N. 74° 40′ 1″ W,planning,2026,[148],,38.54694444444444,-74.66694444444445
169,Skipjack (Phase 2),atlantic,united_states,846.0,,,38° 31′ 52″ N. 74° 44′ 13″ W,planning,2026,18. Dezember 2021: Ørsted erhält Zuschlag bei Ausschreibung[149],,38.53111111111111,-74.73694444444445
170,Atlantic Shores,atlantic,united_states,1500.0,Vestas V236-15.0 MW (15.0 MW. 236.0 m),100.0,39° 21′ 40″ N. 73° 54′ 22″ W,planning,2027,30. Juni 2021: EDF Renewables und Shell erhalten Zuschlag bei Ausschreibung[150],15.0,39.361111111111114,-73.90611111111112
171,Beacon Wind (Phase 1),atlantic,united_states,1230.0,,,40° 49′ 26″ N. 70° 28′ 30″ W,planning,2027,13. Januar 2021: Equinor erhält Zuschlag bei Ausschreibung[151],,40.823888888888895,-70.47500000000001
172,Commonwealth Wind,atlantic,united_states,1232.0,,,40° 53′ 13″ N. 70° 39′ 14″ W,planning,2027,18. Dezember 2021: CIP und Iberdrola erhalten Zuschlag bei Ausschreibung[152],,40.886944444444445,-70.6538888888889
173,Empire Wind (Phase 2),atlantic,united_states,1260.0,Vestas V236-15.0 MW (15.0 MW. 236.0 m),84.0,40° 16′ 8″ N. 73° 7′ 30″ W,planning,2027,13. Januar 2021: Equinor erhält Zuschlag bei Ausschreibung[153],15.0,40.26888888888889,-73.125
174,Mayflower (Phase 2),atlantic,united_states,400.0,,,40° 47′ 17″ N. 70° 29′ 2″ W,planning,2027,18. Dezember 2021: Shell und EDPR erhalten Zuschlag bei Ausschreibung[154],,40.78805555555555,-70.48388888888888
175,Ocean Wind (Phase 2),atlantic,united_states,1148.0,,,39° 4′ 23″ N. 74° 20′ 6″ W,planning,2028,30. Juni 2021: Ørsted erhält Zuschlag bei Ausschreibung[155],,39.073055555555555,-74.335
177,Jeju Island * (Demonstrator),east_china_sea,south_korea,5.0,1 × Windpower STX 72 2 MW (2.0 MW. 70.7 m) 1 × Doosan WinDS3000/91 (3.0 MW. 91.3 m),2.0,33° 22′ 34″ N. 126° 47′ 13″ O,production,2012,,2.5,33.376111111111115,126.78694444444444
178,Jiangsu Rudong * (Phasen 1 – 3),yellow_sea,china,209.3,21 × Siemens SWT-2.3-101 (2.3 MW. 101.0 m) 17 × Sinovel SL3000/90 (3.0 MW. 90.0 m) 40 × Goldwind GW 109/2500 (2.5 MW. 109.0 m) 2 × CSIC Haizhuang H128-5.0 (5.0 MW. 128.0 m),80.0,32° 22′ 23″ N. 121° 31′ 30″ O,production,2013,[156][157][158][159][160],2.6,32.37305555555555,121.525
179,Bac Lieu * (Phasen 1 und 2),south_china_sea,vietnam,99.2,GE 1.6-82.5 (1.6 MW. 82.5 m),62.0,9° 14′ 10″ N. 105° 49′ 23″ O,production,2015,[161],1.6,9.23611111111111,105.82305555555556
180,Donghai Bridge * (Phasen 1 und 2),east_china_sea,china,204.2,34 × Sinovel SL3000/90 (3.0 MW. 90.0 m) 27 × Shanghai Electric W3600-116 (3.6 MW. 116.0 m)  1 × Sinovel SL5000/128 (5.0 MW. 128.0 m),62.0,30° 46′ 12″ N. 121° 59′ 38″ O,production,2015,Phase 1 mit 34 Turbinen seit 2010 in Betrieb. Phase 2 mit 28 Turbinen seit 2015 in Betrieb[162][163],3.3,30.77,121.99388888888889
181,Hydropower Rudong * (Phasen 1 und 2),yellow_sea,china,100.0,10 × CSIC Haizhuang H102-2.0 (2.0 MW. 102.0 m) 32 × Siemens SWT-2.5-108 (2.5 MW. 108.0 m),42.0,32° 34′ 37″ N. 121° 6′ 29″ O,production,2015,Phase 1 mit 10 Turbinen seit 2014 in Betrieb. Phase 2 mit 32 Turbinen seit 2015 in Betrieb[164][165],2.4,32.57694444444445,121.10805555555555
182,Longyuan Rudong * (Phasen 1 und 2),yellow_sea,china,81.5,Diverse 2 × United Power UP1500-82 (1.5 MW. 82.0 m) 2 × MingYang MY1.5Su 82.6 (1.5 MW. 82.6 m) 2 × Shanghai Electric W2000-93 (2.0 MW. 93.0 m) 2 × Envision EN82-1.5 (1.5 MW. 82.5 m) 2 × Sany SE9320III-S3 (2.0 MW. 93.0 m) 1 × Sinovel SL3000/90 (3.0 MW. 90.0 m) 1 × Goldwind GW 100/2500 (2.5 MW. 100.0 m) 1 × CSIC Haizhuang H93-2.0 (2.0 MW. 93.0 m) 1 × BaoNan BN82-2 MW (2.0 MW. 82.0 m) 1 × MingYang MY3.0-100 SCD (3.0 MW. 100.0 m) 1 × Goldwind GW 140/3000 (3.0 MW. 140.0 m) 7 × Envision EN109-4.0 (4.0 MW. 109.0 m) 2 × CSIC Haizhuang H151-5.0 (5.0 MW. 151.0 m) 1 × MingYang MY6.0-140 SCD (6.0 MW. 140.0 m) 1 × Dongfang Electric FD140-5500 (5.5 MW. 140.0 m),27.0,32° 33′ 18″ N. 121° 13′ 59″ O,production,2015,Phase 1 mit 16 Turbinen seit 2010 in Betrieb. Phase 2 mit 11 Turbinen seit 2015 in Betrieb[166][167],3.0,32.555,121.23305555555555
183,Rudong Offshore Expansion *,yellow_sea,china,200.0,25 × Siemens SWT-4.0-120 (4.0 MW. 120.0 m) 25 × Envision EN136-4.0 (4.0 MW. 136.0 m),50.0,32° 31′ 12″ N. 121° 13′ 41″ O,production,2015,[168],4.0,32.519999999999996,121.22805555555556
184,CGN Rudong (Demonstration),yellow_sea,china,152.0,Siemens SWT-4.0-120 (4.0 MW. 120.0 m),38.0,32° 22′ 1″ N. 121° 40′ 23″ O,production,2016,[169],4.0,32.36694444444444,121.67305555555556
185,Longyuan Putian Nanri Island * (Demonstrator),formosa_strait,china,16.0,Siemens SWT-4.0-130 (4.0 MW. 130.0 m),4.0,25° 13′ 59″ N. 119° 32′ 6″ O,production,2016,[170][171],4.0,25.233055555555556,119.535
186,Fujian Putian City Flat Bay *  (Putian Pinghai Bay),formosa_strait,china,50.0,XEMC Darwind XD115 5.0 (5.0 MW. 115.0 m),10.0,25° 9′ 43″ N. 119° 23′ 10″ O,production,2016,[172],5.0,25.161944444444444,119.38611111111112
187,CTGNE Jiangsu Xiangshui *  (Demonstration Project),yellow_sea,china,193.0,37 × Siemens SWT-4.0-130 (4.0 MW. 130.0 m) 18 × Goldwind GW 109/2500 (2.5 MW. 109.0 m),55.0,34° 29′ 49″ N. 120° 3′ 36″ O,production,2016,[173],3.5,34.496944444444445,120.06
188,Jiangsu Luneng Dongtai,yellow_sea,china,200.0,Siemens SWT-4.0-130 (4.0 MW. 130.0 m),50.0,32° 55′ 16″ N. 121° 10′ 55″ O,production,2017,[174],4.0,32.92111111111111,121.18194444444445
189,Huaneng Rudong (Nord und Süd),yellow_sea,china,302.4,38 × Siemens SWT-4.0-130 (4.0 MW. 130.0 m) 12 × Envision EN136-4.2 (4.2 MW. 136.0 m) 19 × CSIC Haizhuang H151-5.0 (5.0 MW. 151.0 m) 1 × CSIC Haizhuang H171-5.0 (5.0 MW. 171.0 m),70.0,32° 39′ 36″ N. 121° 16′ 37″ O,production,2017,[175],4.3,32.66,121.27694444444444
190,Tamra *,east_china_sea,south_korea,30.0,Doosan WinDS3000/91 (3.0 MW. 91.0 m),10.0,33° 22′ 8″ N. 126° 11′ 28″ O,production,2017,[176],3.0,33.36888888888889,126.19111111111111
191,Jiangsu Longyuan Chiang Sand,yellow_sea,china,300.0,Envision EN136-4.0 (4.0 MW. 136.0 m),75.0,32° 48′ 58″ N. 121° 30′ 58″ O,production,2018,[177],4.0,32.816111111111105,121.51611111111112
192,SPIC Binhai North (Phasen 1 und 2),yellow_sea,china,500.0,Siemens SWT-4.0-130 (4.0 MW. 130.0 m),125.0,34° 30′ 4″ N. 120° 21′ 29″ O,production,2018,Phase 1 mit 25 Turbinen seit 2016. Phase 2 mit 100 Turbinen seit 2018 in Betrieb[178][179],4.0,34.50111111111111,120.35805555555555
193,SPIC Jiangsu Dafeng,yellow_sea,china,302.4,Envision EN136-4.2 (4.2 MW. 136.0 m),72.0,33° 6′ 36″ N. 121° 11′ 13″ O,production,2018,[180],4.2,33.11,121.18694444444445
194,Zhuhai Guishan,south_china_sea,china,120.0,34 × MingYang MySE3.0-112 (3.0 MW. 112.0 m)  3 × United Power UP6000-136 (6.0 MW. 136.0 m),37.0,22° 7′ 18″ N. 113° 43′ 52″ O,production,2018,[181],3.2,22.121666666666666,113.73111111111112
195,Dongtai IV (H2),yellow_sea,china,302.4,63 × Siemens SWT-4.0-130 (4.0 MW. 130.0 m) 12 × Envision EN136-4.2 (4.2 MW. 136.0 m),75.0,32° 59′ 53″ N. 121° 23′ 2″ O,production,2019,[182],4.0,32.99805555555556,121.38388888888889
196,Formosa * (Projekt 1. Phasen 1 und 2),formosa_strait,taiwan,128.0,2 × Siemens SWT-4.0-120 (4.0 MW. 120.0 m) 20 × Siemens SWT-6.0-154 (6.0 MW. 154.0 m),22.0,24° 44′ 10″ N. 120° 50′ 31″ O,production,2019,Phase 1 mit 2 Turbinen seit 2017. Phase 2 mit 20 Turbinen seit 2019 in Betrieb[183][184],5.8,24.73611111111111,120.84194444444444
197,Fuqing Xinghua Bay * (Phase 1),formosa_strait,china,79.4,Diverse 3 × GE Haliade 150-6MW (6.0 MW. 150.0 m) 2 × Goldwind GW 154/6700 (6.7 MW. 154.0 m) 2 × CSIC Haizhuang H128-5.0 (5.0 MW. 128.0 m) 2 × Taiyuan TZ5000/154 (5.0 MW. 154.0 m) 2 × MingYang MySE5.5-155 (5.5 MW. 155.0 m) 1 × Dongfang Electric FD140-5000 (5.0 MW. 140.0 m) 2 × Siemens SWT-6.0-154 (6.0 MW. 154.0 m),14.0,25° 22′ 59″ N. 119° 27′ 18″ O,production,2019,[185],5.7,25.383055555555558,119.455
198,Guangdong Yudean Zhanjiang Wailuo,south_china_sea,china,198.0,MingYang MySE5.5-155 (5.5 MW. 155.0 m),36.0,20° 34′ 26″ N. 110° 36′ 54″ O,production,2019,[186],5.5,20.573888888888888,110.615
199,Guodian Zhoushan Putuo,east_china_sea,china,252.0,Siemens SWT-4.0-130 (4.0 MW. 130.0 m),63.0,29° 34′ 48″ N. 122° 13′ 48″ O,production,2019,[187],4.0,29.58,122.23
200,Longyuan Jiangsu Dafeng (Phasen 1 und 2),yellow_sea,china,400.0,80 × Goldwind GW 109/2500 (2.5 MW. 109.0 m)  80 × Goldwind GW 130/2500 (2.5 MW. 130.0 m),160.0,33° 14′ 31″ N. 121° 8′ 38″ O,production,2019,Phase 1 mit 80 Turbinen seit 2018 in Betrieb. Phase 2 mit 80 Turbinen seit 2019 in Betrieb[188],2.5,33.24194444444444,121.1438888888889
201,Shanghai Lingang  (Phasen 1 und 2),east_china_sea,china,212.8,28 × Shanghai Electric W3600-122 (3.6 MW. 122.0 m)  25 × Siemens SWT-4.0-130 (4.0 MW. 130.0 m)  2 × Siemens SWT-6.0-154 (6.0 MW. 154.0 m),55.0,30° 57′ 7″ N. 122° 8′ 2″ O,production,2019,Phase 1 mit 28 Turbinen seit 2016 in Betrieb. Phase 2 mit 27 Turbinen seit 2019 in Betrieb[189],3.9,30.951944444444443,122.13388888888889
202,Sinohydro Tianjin Nangang * (Phase 1),gulf_of_bohai,china,90.0,Siemens Gamesa G132-5.0MW (5.0 MW. 132.0 m),18.0,38° 39′ 58″ N. 117° 39′ 22″ O,production,2019,[190],5.0,38.66611111111111,117.65611111111112
203,CTGNE Jiangsu Dafeng,yellow_sea,china,300.8,54 × Goldwind GW 140/3300 (3.3 MW. 140.0 m) 19 × Goldwind GW 171/6450 (6.45 MW. 171.0 m),73.0,33° 24′ 22″ N. 121° 13′ 30″ O,production,2019,[191],4.1,33.40611111111111,121.22500000000001
204,CGN Yangjiang Nanpeng Island,south_china_sea,china,401.5,MingYang MySE5.5-155 (5.5 MW. 155.0 m),73.0,21° 28′ 19″ N. 112° 14′ 35″ O,production,2020,[192],5.5,21.471944444444443,112.24305555555556
205,Dalian Zhuanghe 3,gulf_of_bohai,china,300.0,20 × Goldwind GW 171/6450 (6.45 MW. 171.0 m) 50 × Goldwind GW 140/3300 (3.30 MW. 140.0 m) 2 × Goldwind GW 140/3000 (3.00 MW. 140.0 m),72.0,39° 30′ 18″ N. 123° 20′ 35″ O,production,2020,[193],4.2,39.505,123.34305555555555
206,Datang Jiangsu Binhai,yellow_sea,china,301.8,50 × MingYang MySE3.0-135 (3.0 MW. 135.0 m) 46 × Goldwind GW 140/3300 (3.3 MW. 140.0 m),96.0,34° 14′ 38″ N. 120° 32′ 17″ O,production,2020,[194],3.1,34.24388888888889,120.53805555555556
207,Huaneng Dafeng (Phasen 1 und 2),yellow_sea,china,398.2,71 × Envision EN136-4.2 (4.2 MW. 136.0 m) 20 × CSIC Haizhuang H151-5.0 (5.0 MW. 151.0 m),91.0,33° 8′ 2″ N. 121° 24′ 0″ O,production,2020,Phase 1 mit 68 Turbinen seit 2019 in Betrieb[195]. Phase 2 mit 23 Turbinen seit 2020 in Betrieb[196],4.4,33.13388888888889,121.4
208,Laoting Bodhi Island,gulf_of_bohai,china,300.0,Siemens SWT-4.0-130 (4.0 MW. 130.0 m),75.0,38° 59′ 10″ N. 118° 48′ 14″ O,production,2020,[197],4.0,38.986111111111114,118.80388888888889
209,Jiangsu Rudong (H14),yellow_sea,china,200.0,Siemens SWT-4.0-130 (4.0 MW. 130.0 m),50.0,32° 49′ 16″ N. 121° 27′ 25″ O,production,2020,[198],4.0,32.821111111111115,121.45694444444445
210,Southwest Offshore Demonstration,east_china_sea,south_korea,60.0,7 × Doosan WinDS3000/100 (3.0 MW. 100.0 m) 13 × Doosan WinDS3000/134 (3.0 MW. 134.0 m),20.0,35° 28′ 52″ N. 126° 19′ 5″ O,production,2020,[199],3.0,35.48111111111111,126.31805555555555
211,CECEP Yangjiang Nanpeng Island,south_china_sea,china,302.5,MingYang MySE5.5-155 (5.5 MW. 155.0 m),55.0,21° 26′ 2″ N. 112° 11′ 10″ O,production,2021,[200],5.5,21.433888888888887,112.18611111111112
212,CGN Pingtan Island,formosa_strait,china,299.0,61 × Siemens SWT-4.0-130 (4.0 MW. 130.0 m) 10 × MingYang MySE5.5-155 (5.5 MW. 155.0 m),71.0,25° 40′ 52″ N. 119° 44′ 2″ O,production,2021,[201],4.2,25.68111111111111,119.73388888888888
213,CGN Rudong (H8),yellow_sea,china,300.0,40 × CSIC Haizhuang H171-5.0 (5.0 MW. 171.0 m) 25 × Siemens SWT-4.0-130 (4.0 MW. 130.0 m),65.0,32° 45′ 36″ N. 121° 58′ 48″ O,production,2021,[202],4.6,32.76,121.98
214,CGN Zhejiang Daishan 4,east_china_sea,china,234.0,18 × XEMC Darwind XD140 4.0 (4.0 MW. 140.0 m) 36 × Envision EN148-4.5 (4.5 MW. 148.0 m),54.0,30° 25′ 23″ N. 121° 52′ 1″ O,production,2021,[203],4.3,30.423055555555557,121.86694444444444
215,Changhua Taipower (Phase 1),formosa_strait,taiwan,109.2,Hitachi HTW5.2-127 (5.2 MW. 127.0 m),21.0,23° 59′ 13″ N. 120° 14′ 49″ O,production,2021,[204],5.2,23.986944444444447,120.24694444444445
216,CTGNE Jiangsu Dafeng (H8-2),yellow_sea,china,300.0,38 × Goldwind GW 155/4500 (4.5 MW. 155.0 m) 10 × Goldwind GW 171/6450 (6.45 MW. 171.0 m),58.0,33° 19′ 19″ N. 121° 33′ 43″ O,production,2021,[205],5.2,33.32194444444445,121.56194444444444
217,CTGNE Rudong (H6),yellow_sea,china,400.0,Shanghai Electric G4-146 (4.0 MW. 146.0 m),100.0,32° 32′ 42″ N. 121° 46′ 30″ O,production,2021,[206],4.0,32.544999999999995,121.775
218,CTGNE Rudong (H10),yellow_sea,china,400.0,Shanghai Electric G4-146 (4.0 MW. 146.0 m),100.0,32° 36′ 0″ N. 122° 0′ 22″ O,production,2021,[207],4.0,32.6,122.00611111111111
219,CTGNE Yangjiang Shapa (Phase 1),south_china_sea,china,302.5,MingYang MySE5.5-155 (5.5 MW. 155.0 m),55.0,21° 12′ 7″ N. 111° 31′ 30″ O,production,2021,[208],5.5,21.201944444444443,111.525
220,CTGNE Yangjiang Shapa (Phase 2),south_china_sea,china,400.0,31 × MingYang MySE6.45-180 (6.45 MW. 178.0 m) 31 × Goldwind GW 171/6450 (6.45 MW. 171.0 m),62.0,21° 18′ 32″ N. 111° 26′ 38″ O,production,2021,[209],6.5,21.30888888888889,111.44388888888889
221,CTGNE Yangjiang Shapa (Phase 3),south_china_sea,china,400.0,31 × MingYang MySE6.45-180 (6.45 MW. 178.0 m) 31 × Goldwind GW 171/6450 (6.45 MW. 171.0 m),62.0,21° 16′ 23″ N. 111° 36′ 54″ O,production,2021,[210],6.5,21.273055555555555,111.615
222,CTGNE Yangjiang Shapa (Phase 4),south_china_sea,china,301.0,Dongfang Electric FD186-7000 (7.00 MW. 186.0 m),43.0,21° 19′ 23″ N. 111° 36′ 25″ O,production,2021,[211],7.0,21.323055555555555,111.60694444444444
223,CTGNE Yangjiang Shapa (Phase 5),south_china_sea,china,303.15,MingYang MySE6.45-180 (6.45 MW. 178.0 m),46.0,21° 22′ 30″ N. 111° 36′ 36″ O,production,2021,[212],6.6,21.375,111.61
224,Dalian Zhuanghe 2,gulf_of_bohai,china,300.0,CSIC Haizhuang H151-5.0 (5.0 MW. 151.0 m),60.0,39° 30′ 40″ N. 123° 13′ 55″ O,production,2021,[213],5.0,39.51111111111111,123.23194444444445
225,Dongtai V (Zhugensha H1),yellow_sea,china,200.0,Siemens SWT-4.0-130 (4.0 MW. 130.0 m),50.0,32° 51′ 14″ N. 121° 16′ 19″ O,production,2021,[214],4.0,32.85388888888889,121.27194444444444
226,Dongtai Zhugensha (H2),yellow_sea,china,301.8,52 × Shanghai Electric G4-146 (4.0 MW. 146.0 m)  15 × Shanghai Electric SE-6.25MW-172 (6.25 MW. 172.0 m),67.0,32° 32′ 42″ N. 121° 46′ 30″ O,production,2021,[215],4.5,32.544999999999995,121.775
227,Fujian Putian City Flat Bay *  (Zone B),formosa_strait,china,246.0,Siemens SWT-6.0-154 (6.0 MW. 154.0 m),41.0,25° 7′ 8″ N. 119° 21′ 18″ O,production,2021,[216],6.0,25.11888888888889,119.35499999999999
228,Fujian Putian City Flat Bay *  (Zonen F und Shicheng),formosa_strait,china,385.0,Siemens SWT-7.0-154 (7.0 MW. 154.0 m),55.0,25° 10′ 26″ N. 119° 28′ 23″ O,production,2021,[217][218],7.0,25.17388888888889,119.47305555555556
229,Huadian Fujian Fuqing Haitan Strait *,formosa_strait,china,302.8,22 × MingYang MySE7.0-158 (7.0 MW. 158.0 m) 24 × CSIC Haizhuang H171-6.2 (6.2 MW. 171.0 m),46.0,25° 34′ 1″ N. 119° 37′ 34″ O,production,2021,[219],6.6,25.566944444444445,119.6261111111111
230,Huadian Yangjiang Qingzhou III,south_china_sea,china,500.6,37 × MingYang MySE6.8-158 (6.8 MW. 158.0 m) 30 × MingYang MySE8.3-180 (8.3 MW. 178.0 m),67.0,20° 58′ 5″ N. 111° 36′ 14″ O,production,2021,[220],7.5,20.968055555555555,111.60388888888889
231,Huaneng Guanyun  (Phase 1),yellow_sea,china,309.6,Goldwind GW 171/6450 (6.45 MW. 171.0 m),48.0,34° 37′ 1″ N. 119° 45′ 7″ O,production,2021,[221],6.4,34.61694444444444,119.75194444444445
232,Huaneng Sheyang (H1),yellow_sea,china,301.5,Envision EN148-4.5 (4.5 MW. 148.0 m),67.0,33° 39′ 11″ N. 121° 6′ 14″ O,production,2021,[222],4.5,33.653055555555554,121.10388888888889
233,Longyuan Sheyang (H2 + H2-1),yellow_sea,china,405.0,Envision EN148-4.5 (4.5 MW. 148.0 m),90.0,33° 36′ 11″ N. 121° 5′ 20″ O,production,2021,[223],4.5,33.60305555555556,121.08888888888889
234,Shengsi * (Phasen 5 und 6),east_china_sea,china,282.0,Siemens SWT-6.0-154 (6.0 MW. 154.0 m),47.0,30° 41′ 49″ N. 122° 2′ 53″ O,production,2021,[224],6.0,30.696944444444444,122.04805555555555
235,SPIC Binhai South,yellow_sea,china,300.0,Siemens SWT-4.0-130 (4.0 MW. 130.0 m),75.0,34° 20′ 53″ N. 120° 41′ 28″ O,production,2021,[225],4.0,34.34805555555556,120.69111111111111
236,Yudean Yangjiang Shapa,south_china_sea,china,296.7,1 × MingYang MySE5.5-155 (5.5 MW. 155.0 m) 46 × MingYang MySE6.45-180 (6.45 MW. 180.0 m),47.0,21° 21′ 29″ N. 111° 36′ 22″ O,production,2021,[226],6.3,21.358055555555556,111.6061111111111
237,Zhuhai Jinwan,south_china_sea,china,302.5,MingYang MySE5.5-155 (5.5 MW. 155.0 m),55.0,21° 54′ 4″ N. 113° 30′ 18″ O,production,2021,[227],5.5,21.90111111111111,113.505
238,Zhanjiang Wailuo (Phase 2),south_china_sea,china,200.0,Shanghai Electric SE-6.25MW-172 (6.25 MW. 172.0 m),32.0,20° 35′ 6″ N. 110° 41′ 46″ O,production,2021,[228],6.2,20.584999999999997,110.69611111111111
239,Zhanjiang Xinliao,south_china_sea,china,206.4,MingYang MySE6.45-180 (6.45 MW. 180.0 m),32.0,20° 43′ 5″ N. 110° 33′ 25″ O,production,2021,[229],6.4,20.718055555555555,110.55694444444444
240,Zhanjiang Xuwen (Nord und Süd),south_china_sea,china,606.3,47 × MingYang MySE6.45-171 (6.45 MW. 171.0 m) 47 × MingYang MySE6.45-180 (6.45 MW. 180.0 m),94.0,20° 37′ 37″ N. 110° 48′ 29″ O,production,2021,[230][231],6.4,20.626944444444444,110.80805555555555
241,Zhejiang Jiaxing 1,east_china_sea,china,288.0,38 × XEMC Darwind XD140 4.0 (4.0 MW. 140.0 m)  34 × Siemens SWT-4.0-130 (4.0 MW. 130.0 m),72.0,30° 26′ 13″ N. 121° 29′ 46″ O,production,2021,[232],4.0,30.436944444444446,121.4961111111111
242,CSIC Rudong (H3),yellow_sea,china,402.4,53 × CSIC Haizhuang H151-5.0 (5.0 MW. 151.0 m) 25 × CSIC Haizhuang H171-5.0 (5.0 MW. 171.0 m) 2 × CSIC Haizhuang H171-6.2 (6.2 MW. 171.0 m),80.0,32° 44′ 53″ N. 121° 33′ 50″ O,partial_production,2022,4. Februar 2021: 60 von 80 Turbinen installiert[233],5.0,32.74805555555556,121.56388888888888
243,Formosa * (Projekt 2),formosa_strait,taiwan,376.0,Siemens Gamesa SG 8.0-167 DD (8.0 MW. 167.0 m),47.0,24° 44′ 10″ N. 120° 50′ 31″ O,partial_production,2022,1. September 2022: alle Gründungen installiert und 27 von 47 Turbinen errichtet[234],8.0,24.73611111111111,120.84194444444444
244,Longyuan Putian Nanri Island * (Phase 1),formosa_strait,china,200.0,Siemens SWT-4.0-130 (4.0 MW. 130.0 m),50.0,25° 14′ 28″ N. 119° 36′ 40″ O,partial_production,2022,20. August 2020: alle Turbinen errichtet[235],4.0,25.241111111111113,119.6111111111111
245,Zhejiang Jiaxing 2,east_china_sea,china,300.0,Siemens SWT-6.0-154 (6.0 MW. 154.0 m),50.0,30° 37′ 48″ N. 121° 30′ 47″ O,partial_production,2022,15. November 2020: alle Gründungen installiert[236],6.0,30.63,121.51305555555555
246,Greater Changhua (Phasen 1 und 2a),formosa_strait,taiwan,888.0,Siemens Gamesa SG 8.0-167 DD (8.0 MW. 167.0 m),111.0,24° 9′ 32″ N. 119° 48′ 25″ O,partial_production,2023,26. August 2022: alle Gründungen installiert und 48 von 111 Turbinen errichtet[237],8.0,24.15888888888889,119.80694444444444
247,Changle (Area A),formosa_strait,china,308.0,10 × Dongfang Electric FD185-10000 (10.0 MW. 185.0 m) 26 × Goldwind GW 175/8000 (8.0 MW. 175.0 m),36.0,25° 46′ 8″ N. 120° 3′ 43″ O,construction,2022,11. März 2021: 1 von 36 Fundamenten installiert[238][239],8.6,25.76888888888889,120.06194444444444
248,Fuqing Xinghua Bay * (Phase 2),formosa_strait,china,288.0,Diverse 7 × Dongfang Electric FD186-7000 (7.0 MW. 186.0 m) 1 × Dongfang Electric FD185-10000 (10.0 MW. 185.0 m) 33 × Goldwind GW 171/6450 (6.45 MW. 171.0 m) 1 × Goldwind GW 175/8000 (8.0 MW. 175.0 m) 1 × MingYang MySE8.3-180 (8.3 MW. 178.0 m),43.0,25° 24′ 18″ N. 119° 23′ 49″ O,construction,2022,19. Januar 2021: 3 von 41 Turbinen errichtet[240][241][242],6.7,25.404999999999998,119.39694444444446
249,MingYang Yangjiang Shapa,south_china_sea,china,300.4,44 × MingYang MySE6.45-180 (6.45 MW. 178.0 m) 2 × MingYang MySE8.3-180 (8.3 MW. 178.0 m),46.0,21° 14′ 28″ N. 111° 35′ 2″ O,construction,2022,April 2020: 1 von 47 Gründungen installiert[243],6.5,21.241111111111113,111.58388888888888
250,Yunlin,formosa_strait,taiwan,640.0,Siemens Gamesa SG 8.0-167 DD (8.0 MW. 167.0 m),80.0,23° 35′ 20″ N. 120° 1′ 37″ O,construction,2023,11. Juli 2022: 16 von 80 Gründungen installiert und eine von 80 Turbinen errichtet[244],8.0,23.58888888888889,120.02694444444444
251,Changfang / Xidao (Phasen 1 und 2),formosa_strait,taiwan,589.0,MHI Vestas V174-9.5 MW (9.5 MW. 174.0 m),62.0,24° 0′ 11″ N. 120° 8′ 24″ O,construction,2024,20. Juli 2022: 10 von 62 Gründungen installiert und eine von 62 Turbinen errichtet[245],9.5,24.003055555555555,120.14
252,Zhong Neng,formosa_strait,taiwan,297.6,MHI Vestas V174-9.5 MW (9.6 MW. 174.0 m),31.0,23° 53′ 53″ N. 120° 9′ 0″ O,pre_construction,2024,8. Dezember 2021: endgültige Investitionsentscheidung getroffen[246],9.6,23.898055555555555,120.15
253,Hai Long (Phase 2a),formosa_strait,taiwan,294.0,Siemens Gamesa SG 14.0-222 DD (14.0 MW. 222.0 m),21.0,23° 59′ 53″ N. 119° 52′ 55″ O,planning,2024,30. April 2018: Yushan Energy und Northland Power erhalten Zuschlag bei Ausschreibung[247]. Baubeginn für 2023 vorgesehen[248][249],14.0,23.998055555555556,119.88194444444444
254,Changhua Taipower (Phase 2),formosa_strait,taiwan,294.5,MHI Vestas V174-9.5 MW (9.5 MW. 174.0 m),31.0,23° 59′ 13″ N. 120° 14′ 49″ O,planning,2025,30. April 2018: Taipower erhält Zuschlag bei Ausschreibung[247][250],9.5,23.986944444444447,120.24694444444445
255,Greater Changhua (Phasen 2b und 4),formosa_strait,taiwan,920.0,,,24° 9′ 32″ N. 119° 48′ 25″ O,planning,2025,22. Juni 2018: Ørsted erhält Zuschlag bei Ausschreibung[251],,24.15888888888889,119.80694444444444
256,Hai Long (Phasen 2b und 3),formosa_strait,taiwan,756.0,Siemens Gamesa SG 14.0-222 DD (14.0 MW. 222.0 m),54.0,23° 59′ 53″ N. 119° 52′ 55″ O,planning,2025,22. Juni 2018: Yushan Energy und Northland Power erhalten Zuschlag bei Ausschreibung[251],14.0,23.998055555555556,119.88194444444444
257,Guanyin (Taoyuan),formosa_strait,taiwan,342.0,MHI Vestas V164-9.5 MW (9.5 MW. 164.0 m),36.0,25° 5′ 17″ N. 121° 4′ 55″ O,planning_stopped,—,29. Januar 2021: Taiwanesisches Wirtschaftsministerium entzieht Baugenehmigung aus Gründen der Flugsicherheit[252],9.5,25.088055555555556,121.08194444444445
259,Setana / Hokkaido *,sea_of_japan,japan,1.32,Vestas V47-660 (660 kW. 47.0 m),2.0,42° 26′ 35″ N. 139° 50′ 20″ O,production,2004,,0.7,42.44305555555555,139.8388888888889
260,Sakata Offshore Wind Farm *,sea_of_japan,japan,10.0,Vestas V80-2.0 (2.0 MW. 80.0 m),5.0,38° 58′ 1″ N. 139° 49′ 19″ O,production,2004,zusätzlich 3 × 2 MW onshore,2.0,38.966944444444444,139.82194444444445
261,Kamisu * (Phasen 1 und 2),pacific,japan,30.0,7 × Fuji/Subaru 80/2.0 (2.0 MW. 80.0 m)  8 × Hitachi HWT2.0-80 (2.0 MW. 80.0 m),15.0,35° 52′ 55″ N. 140° 44′ 10″ O,production,2013,,2.0,35.88194444444444,140.7361111111111
262,Eurus Akita Port *,sea_of_japan,japan,18.0,Siemens SWT-3.0-101 (3.0 MW. 101.0 m),6.0,39° 44′ 42″ N. 140° 3′ 4″ O,production,2015,,3.0,39.745,140.0511111111111
263,Beleolico *,mediterranean,italy,30.0,MingYang MySE3.0-135 (3.0 MW. 135.0 m),10.0,40° 29′ 10″ N. 17° 8′ 17″ O,production,2022,[253],3.0,40.486111111111114,17.138055555555557
264,Akita * (Noshiro),sea_of_japan,japan,138.6,MHI Vestas V117-4.2 MW (4.2 MW. 117.0 m),33.0,40° 7′ 48″ N. 139° 56′ 28″ O,construction,2022,5. Oktober 2022: alle Turbinen errichtet[254],4.2,40.13,139.94111111111113
265,Choshi *,pacific,japan,390.6,GE Haliade-X 12 MW (12.6 MW. 218.0 m),31.0,35° 39′ 40″ N. 140° 48′ 58″ O,planning,2028,24. Dezember 2021: Mitsubishi erhält Zuschlag bei Ausschreibung[255],12.6,35.66111111111111,140.81611111111113
266,Noshiro. Mitane. Oga *,pacific,japan,478.8,GE Haliade-X 12 MW (12.6 MW. 218.0 m),38.0,40° 6′ 14″ N. 139° 56′ 13″ O,planning,2028,24. Dezember 2021: Mitsubishi erhält Zuschlag bei Ausschreibung[256],12.6,40.10388888888889,139.93694444444444
267,Yurihonjo *,pacific,japan,819.0,GE Haliade-X 12 MW (12.6 MW. 218.0 m),65.0,39° 27′ 25″ N. 140° 1′ 34″ O,planning,2030,24. Dezember 2021: Mitsubishi erhält Zuschlag bei Ausschreibung[257],12.6,39.456944444444446,140.02611111111113
